Super Mario Bros.,df78e7ad-9c30-4b42-9327-5c1bed81e50a,-1,This is really good,0
Super Mario Bros.,46b63aa7-d3e5-4bdc-bee0-14e73fda94e6,df78e7ad-9c30-4b42-9327-5c1bed81e50a,yes,1
Super Mario Bros.,706d77bd-46fa-426b-8ae4-6fe0003356aa,df78e7ad-9c30-4b42-9327-5c1bed81e50a,1212,0
Super Mario Bros.,db3c6fe7-2378-4190-b250-2bca9281d259,46b63aa7-d3e5-4bdc-bee0-14e73fda94e6,dsdfsd,1
1,9cd685c6-2abe-446e-9e9e-7434f02cadd9,-1,adasd,0
1,a56668a0-fcd6-4c69-abbf-5329bb6546c4,9cd685c6-2abe-446e-9e9e-7434f02cadd9,asdas,2
